Sport,Family,1614,1618,2350,All Stores
SURFING,MEN'S INTERMEDIATE BOARDSHORTS,0.6451612903225806,0.7564102564102564,0.3142857142857143,0.6285714285714286
Others,TRAVEL AND STABLE BOOTS,0,1.0,0,1.0
DIVING,"""FRD FINS",0.0,0.0,0.0,0.0
DIVING,"""SNK FINS",0.0,0.0,0.0,0.0
DIVING,SCD SUITS 16/24бу BEG,1.0,0,0,1.0
BOXING,BOXING GLOVES,1.0,0.8307692307692308,0.6578947368421053,0.7966101694915254
SURFING,BOY'S BOARDSHORTS,0.816793893129771,0.8611111111111112,0.5806451612903226,0.7922848664688428
CYCLING,MEN WARM WEATHER INTE ADV ST MTB APPAREL,1.0,0.7368421052631579,0.23809523809523808,0.6702127659574468
CROSSTRAIN,FREE WEIGHTS AND EQUIPMENT,0.7894736842105263,0.5925925925925926,0.0625,0.5161290322580645
CYCLING,BIKE GEARING,0,0.08333333333333333,0.0,0.04
CYCLING,BIKE BRAKE,1.0,0.7777777777777778,0.0,0.47058823529411764
Others,HUNTING CHAPS,0,1.0,0,1.0
CLIMBING,MOUNTAINEERING CLOTHING,1.0,0.7641509433962265,0.24242424242424243,0.6894409937888198
SURFING,FLYING DISCS / BOOMERANG,0.7142857142857143,0.5135135135135135,0.10526315789473684,0.5054945054945055
SKATE/ROLLER,BAGS AND ACCESORIES,0.4482758620689655,0.2682926829268293,0.03571428571428571,0.25510204081632654
CYCLING,CYCLIST VISIBILITY ACCESS,0,0.42857142857142855,0.5,0.45454545454545453
SURFING,MEN'S FOOTWEAR,0.7518796992481203,0.6596858638743456,0.18556701030927836,0.5795724465558195
SURFING,WOMEN'S FOOTWEAR,0.7966101694915254,0.6948051948051948,0.20454545454545456,0.6083333333333333
Others,BODYPROTECTOR,1.0,0.8571428571428571,0,0.8888888888888888
Others,WHIPS/SPURS,1.0,1.0,0,1.0
Others,LONG RIDING BOOTS & ACCESSORIES,1.0,0.9090909090909091,0.0,0.851063829787234
FOOTBALL,ACCESSORIES TEAM SPORT,0.5405405405405406,0.38461538461538464,0.0,0.35714285714285715
Others,"""SOFT TIP DARTS",0.0,0.0,0.0,0.0
BASKETBALL,MAN BASKETBALL OUTFIT,0.8709055876685935,0.8335974643423137,0.27450980392156865,0.7636632200886263
CLIMBING,CLIMBING BAGPACK,0,0.75,0.0,0.6
CLIMBING,CHALK & HANDCARE,1.0,0.6842105263157895,0.4,0.6
SWIMMING,SWIMMING MATERIAL,0.56,0.5689655172413793,0.09375,0.45714285714285713
TRIATHLON,RECOVERY & PREPARATION ACCESSORIES,0.5714285714285714,0.5277777777777778,0.2972972972972973,0.45544554455445546
Others,GROOMING,1.0,0.36363636363636365,0,0.4166666666666667
SURFING,JUNIOR'S SURF FOOTWEAR,0.8766233766233766,0.7823529411764706,0.2708333333333333,0.7
CYCLING,BIKE PUMPS,0.8,0.47058823529411764,0.0,0.35294117647058826
HIKING/TREKKING,"""MOUNTAIN TREKKING BP ACC",0.0,0.0,0.0,0.0
CLIMBING,MOUNTAINEERING & CLIMBING HELMETS,1.0,0.8333333333333334,0.5,0.8181818181818182
SURFING,MEN'S BEGINNER BOARDSHORTS,0.9623655913978495,0.9248366013071896,0.45614035087719296,0.8888888888888888
Others,WARM CLOTHING,0,0.75,0,0.75
SWIMMING,BEGINNER EQUIPEMENT,1.0,0.5,0.0,0.3888888888888889
SURFING,BODYBOARDS AND ACCESSORIES,0.875,0.5,0.5,0.6304347826086957
Others,KITES AND ACCESSORIES,0.6363636363636364,0.631578947368421,0.18181818181818182,0.5121951219512195
KAYAK/SUP,WATERPROOF BAGS,0.75,0.6666666666666666,0.125,0.6022727272727273
Others,CAMO CLOTHING DRY/WET WEATHER,1.0,0.75,0,0.8
KAYAK/SUP,WATERPROOF CONTAINERS,1.0,1.0,0,1.0
BADMINTON,BADMINTON STRINGS,0.45454545454545453,0.45454545454545453,0.0,0.35714285714285715
HIKING/TREKKING,"""BACKPACKING ULTRA COMPACT BAGS",0.0,0.0,0.0,0.0
CLIMBING,CLIMBING GEAR,1.0,0.4583333333333333,0.125,0.46
TRIATHLON,HYDRATION & BEFORE,0.6,0.5,0.5,0.5294117647058824
PILATES,GIRL EDUCATIONAL GYM COLD WEATHER APP,0.9694656488549618,0.9578544061302682,1.0,0.9618320610687023
SWIMMING,GIRL'S SWIMSUITS,0.8898071625344353,0.8483516483516483,0.46875,0.8016359918200409
SWIMMING,BOY'S SWIMSUITS,0.7718120805369127,0.7109826589595376,0.11475409836065574,0.639686684073107
SWIMMING,WOMEN'S SWIMSUITS,0.8414985590778098,0.815442561205273,0.3699421965317919,0.7507136060894386
KAYAK/SUP,"""TRANSPORT",0,0,0.0,0.0
FOOTBALL,AD WARM WEATHER OUTFIT MATCH & TRAINING,0.8493150684931506,0.7229916897506925,0.2949640287769784,0.6944444444444444
SWIMMING,SWIMMING HEADWEARS,0.6666666666666666,0.6037735849056604,0.19117647058823528,0.5119047619047619
Others,ARCHERY DIRECT ORDER CODES,0,0.0,0,0.0
TENNIS,COACH/CLUB EQUIPMENT,0.45454545454545453,0.45454545454545453,0.16666666666666666,0.39285714285714285
SWIMMING,BATHROBES,0.9333333333333333,0.3684210526315789,0.5,0.5769230769230769
SWIMMING,MEN'S SWIMSUITS,0.7879746835443038,0.7049180327868853,0.20114942528735633,0.6379498364231189
SKI,JUNIOR ON PISTE SKIING GLOVES,1.0,0.9647058823529412,1.0,0.9827586206896551
TENNIS,MEN WARM CONDITION RACKET SP APAREL,0.686046511627907,0.7227138643067846,0.28187919463087246,0.6286057692307693
HIKING/TREKKING,INSECTS PROTECTION,1.0,1.0,0.0,0.75
SWIMMING,POOL SHOES,0.6875,0.4968944099378882,0.10638297872340426,0.46475195822454307
Others,"""POLE",0.0,0.0,0,0.0
HIKING/TREKKING,"""MEN MOUNT TREK PADDED JACKET",0.0,0.0,0,0.0
Others,HORSE LEGS/ FOOT PROTECTION,0,1.0,0,1.0
SWIMMING,AQUALEARNING ACCESORIES,0.6233766233766234,0.5813953488372093,0.16981132075471697,0.49537037037037035
HIKING/TREKKING,BASE CAMP MATTRESS,0.6956521739130435,0.5217391304347826,0.1875,0.5
SQUASH,SQUASH RACKETS,0.7727272727272727,0.7142857142857143,0.4,0.6792452830188679
PILATES,EMPTY,1.0,1.0,0,1.0
FITNESS,FITNESS CARDIO BEGINNER WOMAN CLOTHING,0.8150537634408602,0.8173076923076923,0.5151515151515151,0.759046052631579
HIKING/TREKKING,"""HIKING CAMP STOVES",0.0,0.0,0.0,0.0
YOGA,WOMAN YOGA APPAREL,0.8524332810047096,0.8411214953271028,0.16756756756756758,0.7753501400560224
PILATES,WOMAN T SHIRT LEGGING SHORT,0.9037433155080213,0.8981366459627329,0.5864661654135338,0.8330683624801272
Others,"""KNEE PADS MODERN",0.0,0.0,0,0.0
PILATES,GIRL EDUCATIONAL GYM APPAREL,0.8776119402985074,0.8357142857142857,0.5,0.8036322360953462
CYCLING,MEN WARM WEATHER ROAD CYCLING APPAREL,1.0,0.7518796992481203,0.16326530612244897,0.6509433962264151
HIKING/TREKKING,WOMEN NATURE HIKING SHOES,0.8522727272727273,0.7659574468085106,0.25,0.7242990654205608
SKI,SNOWBOARD TOOLS & COVERS,0.8,1.0,0,0.8888888888888888
TABLE_TENNIS,TT FREE POST&NET Standard,0.7142857142857143,0.5714285714285714,0.3333333333333333,0.5882352941176471
SKI,BOY BEGINNER ON PISTE SKIING CLOTHS,0.8918918918918919,0.8157894736842105,0.875,0.8554216867469879
TABLE_TENNIS,TT TABLES BEGINNER,1.0,1.0,0,1.0
SKATE/ROLLER,FREERIDE AND STREET INLINE SKATE,0,0.8695652173913043,0,0.8695652173913043
PILATES,"""MAN GYM",0.0,0.0,0.0,0.0
SURFING,SOLAR SHELTER,1.0,1.0,0,1.0
SKATE/ROLLER,LONGBOARD AND CRUISER,0.5,0.6451612903225806,0.1111111111111111,0.5238095238095238
JOG/RUN,MAN ROAD RUNNING SHOES,0.813953488372093,0.8649789029535865,0.34328358208955223,0.7764932562620424
CYCLING,BIKE STEERING SYSTEM,1.0,0.4444444444444444,0.14285714285714285,0.3888888888888889
CYCLING,MEN ROAD WINDSTOPPER,1.0,0.8181818181818182,0.09090909090909091,0.6521739130434783
FOOTBALL,FUTSAL SHOES JR,0.7454545454545455,0.8064516129032258,0.5,0.7152317880794702
BASKETBALL,DISCOVERY BASKETBALL BALLS & BOARDS,0.6666666666666666,0.64,0.23076923076923078,0.559322033898305
CYCLING,LEARNING BIKES 4-6 YEARLEARNING BIKES S,1.0,0.9,0.2,0.7058823529411765
Others,"""ARCHERY TARGETS",0,0.0,0,0.0
GOLF,MENS MILD WEATHER GOLF CLOTHING,1.0,0.9967105263157895,0.0,0.991044776119403
CYCLING,MTB PEDALS & CLEATS,1.0,0.8888888888888888,0.5,0.7857142857142857
JOG/RUN,ATHLETICS SHOES OR ACCESSORIES,1.0,0.7948717948717948,0.1590909090909091,0.6666666666666666
Others,FLEECE SHEETS,0,1.0,0,1.0
HIKING/TREKKING,MAPS,0,0.0,0,0.0
FOOTBALL,WET PITCH FOOTBALL SHOES,1.0,0,0,1.0
FOOTBALL,JR COLD WEATHER OUTFIT,0.9382716049382716,0.8571428571428571,0.0,0.8461538461538461
BASKETBALL,KIDS BASKETBALL OUTFIT,0.7811550151975684,0.8032407407407407,0.2857142857142857,0.7285223367697594
FOOTBALL,UNDERWEAR TEAM SPORT SENIOR,0.9747899159663865,0.9566666666666667,0.375,0.9395017793594306
Others,WARM GLOVES/BEENIES/HOODS,0,1.0,0,1.0
Others,"""BOWS",0.0,0.0,0,0.0
HIKING/TREKKING,ADULT MOUNTAIN HIKING SUNGLASSES,0.7333333333333333,0.8095238095238095,0.25,0.6754966887417219
CYCLING,BIKE INNER TUBES,0.6666666666666666,0.4375,0.0625,0.2857142857142857
FOOTBALL,UNDERWEAR TEAM SPORT JUNIOR,0.8983050847457628,0.8169014084507042,0.42857142857142855,0.8220640569395018
SKATE/ROLLER,SKATEBOARDS,1.0,0.625,0.1111111111111111,0.5277777777777778
FITNESS,FITNESS CARDIO BEGINNER MAN OUTFIT,0.8548812664907651,0.8742268041237113,0.36363636363636365,0.7897838899803536
JOG/RUN,OCCASIONAL WOMEN JOGGING SHOES,0.9428571428571428,0.9428571428571428,0.1875,0.902027027027027
FOOTBALL,11 FOOTBALL BALLS,0.8275862068965517,0.5483870967741935,0.21428571428571427,0.5945945945945946
JOG/RUN,OCC WOMEN JOG COLD PROTECT TEXTILE,0.6379310344827587,1.0,0,0.8396946564885496
FOOTBALL,AD COLD WEATHER OUTFIT,0.9826086956521739,0.9136690647482014,0.47368421052631576,0.9120879120879121
PILATES,BABY GYM APPAREL,1.0,0.9983739837398374,1.0,0.998719590268886
Others,MEN SPORT WALKING SHOES,0.9886363636363636,0.9236641221374046,0.3333333333333333,0.9254385964912281
CYCLING,COLD WEATHER ROAD CYCLING GLOVES,1.0,1.0,0,1.0
TENNIS,TENNIS STRINGS,0.0,0.0,0.0,0.0
PILATES,BOY EDUCATIONAL GYM COLD WEATHER APP,1.0,0.973384030418251,0,0.9814814814814815
Others,WOMEN HORSE RIDING GLOVES,1.0,0.96,0,0.9655172413793104
TRAIL,TRAIL RUNNING EQUIPMENT,0.6341463414634146,0.5609756097560976,0.27586206896551724,0.5135135135135135
JOG/RUN,ROAD RUNNING ACCESSORIES TO CARRY,0.5714285714285714,0.42857142857142855,0.0,0.3684210526315789
Others,RIDING JODPHUR/PADDOCK BOOTS,1.0,0.9102564102564102,0.0,0.9292035398230089
SKI,GIRL INTERMEDIATE ON PIST SKIING CLOTHS,0.84375,0.851063829787234,0,0.8481012658227848
HIKING/TREKKING,WOMEN SNOW HIKING WARM SHOES,0.8983050847457628,0.8695652173913043,0,0.8807947019867549
JOG/RUN,OCC MEN JOG COLD PROTECTION TEXTILE,0.6904761904761905,0.7818181818181819,0.5,0.7373737373737373
Others,"""FISHING KEEPNETS",0.0,0,0,0.0
HIKING/TREKKING,HIKING CAMP TENTS ACCESS,0.5,0.23076923076923078,0.09090909090909091,0.2647058823529412
JOG/RUN,MAN ROAD RUNNING CLOTHES,0.9115646258503401,0.8470588235294118,0.4155844155844156,0.7974947807933194
JOG/RUN,KIDS ATHLE COLD PROTECT CLOTHES,1.0,0.9895833333333334,0,0.9929577464788732
FOOTBALL,PARIS ST GERMAIN,0,1.0,0,1.0
TABLE_TENNIS,TT RACKETS BEGINNER,0.3333333333333333,0.7333333333333333,0.0,0.5454545454545454
Others,WOMAN RIDINGWEAR,1.0,0.8723404255319149,0.2,0.8532110091743119
RUGBY,PADS RUGBY MEN,0.8823529411764706,0.7346938775510204,0.46153846153846156,0.7380952380952381
Others,FEATHERS TRAINS,0.0,0,0,0.0
FITNESS,FITNESS CARDIO JUMPING ROPES,0.5,0.5,0.0,0.4
BOXING,PROTECTIONS,1.0,0.4117647058823529,0.2857142857142857,0.4594594594594595
HIKING/TREKKING,ADULT SNOW HIKING WARM SOCKS,1.0,0.9375,0,0.96875
FOOTBALL,FOOTBALL PADS,0.875,0.8214285714285714,0.7857142857142857,0.8333333333333334
SKATE/ROLLER,ADULT INLINE SKATE,1.0,0.8571428571428571,0.2,0.8717948717948718
HIKING/TREKKING,"""HIKING",0.0,0.0,0.0,0.0
TENNIS,MEN COOL APPAREL,0.9948717948717949,0.9953488372093023,0,0.9951219512195122
CROSSTRAIN,BODYWEIGHT ACCESSORIES,0.47058823529411764,0.4375,0.18181818181818182,0.38636363636363635
SWIMMING,SWIMMING GOGGLES OR MASKS,0.7654320987654321,0.6021505376344086,0.3333333333333333,0.5864978902953587
Others,COLD WEATHER RIDING GLOVES WOMAN AND JUN,1.0,1.0,0,1.0
Others,HORSE RIDING GLOVES JUNIOR,0,1.0,0,1.0
HIKING/TREKKING,BIVOUAC LIGHTS,0.8823529411764706,0.85,0.0,0.7441860465116279
CYCLING,KIDS LEARNING BIKE ACCESSORIES 1-6 YEARS,1.0,0.45714285714285713,0.09523809523809523,0.4722222222222222
TENNIS,JUNIOR COOL APPAREL,1.0,1.0,0,1.0
HIKING/TREKKING,"""CHILDREN MOUNTAIN HIKING FLEECES",0.0,0.0,0.0,0.0
BOXING,TRAINING MATERIEL,1.0,0.6666666666666666,0.75,0.7272727272727273
Others,RIDING HALTERS/LEADS,0,1.0,0,1.0
TABLE_TENNIS,TT RACKETS INTERMEDIATE,0,0.5555555555555556,0.0,0.3333333333333333
FITNESS,SIZE hangers,0,0.8,0,0.8
TABLE_TENNIS,TT RACKETS ADVANCED + BLADES & RUBBERS,0,0.7073170731707317,0.3333333333333333,0.6226415094339622
Others,JUNIOR SPORT WALKING SHOES,1.0,0.9705882352941176,0.0,0.9627906976744186
HIKING/TREKKING,BASE CAMP SLEEPING BAGS,0.725,0.6428571428571429,0.13636363636363635,0.5673076923076923
CYCLING,COOL WEATHER CITY CYCLING APPAREL & ACC,0,1.0,0,1.0
FITNESS,RECEPTION,0,1.0,0,1.0
HIKING/TREKKING,MEN NATURE HIKING JUMPERS/HOODIES,1.0,1.0,1.0,1.0
CYCLING,ROAD MTB BOTTLES,1.0,0.42857142857142855,0.07692307692307693,0.4
CYCLING,MEN WET WEATHER ROAD CYCLING APPAREL,1.0,1.0,0.0,0.7727272727272727
CYCLING,ADULT CROSS COUNTRY MTB SHOES,0,0.9333333333333333,0,0.9333333333333333
CYCLING,BIKE LIGHTS,1.0,0.6086956521739131,0.2222222222222222,0.5294117647058824
CYCLING,MID-SEASON ARMWARMER LEGWARMER ROAD,0.9285714285714286,1.0,0.8333333333333334,0.9523809523809523
SAILING,REGATTA COLD WEATHER WOMAN CLOTHES,1.0,0.8333333333333334,0.07142857142857142,0.7283950617283951
PILATES,TONING SMALL EQUIPMENT,0.5294117647058824,0.4166666666666667,0.041666666666666664,0.3617021276595745
BASKETBALL,MAN BASKETBALL FOOTWEAR,0.8542372881355932,0.922879177377892,0.48936170212765956,0.8444730077120822
FITNESS,PRODUCT IN SITUATION,0,0.6666666666666666,0,0.6666666666666666
SKI,BABY SLEDGE EQUIPMENT,0.8939393939393939,0.5428571428571428,0.0,0.7028985507246377
CYCLING,BIKE TURBO TRAINER,1.0,0.2857142857142857,0.0,0.26666666666666666
Others,TROUSERS/SHIRTS,1.0,0.9090909090909091,0.0,0.782608695652174
CYCLING,COLD WEATHER HEAD BAND,1.0,1.0,0,1.0
SKI,KID INTERMEDIATE ON PISTE SKIING CLOTHS,1.0,0.9615384615384616,0,0.975609756097561
HIKING/TREKKING,WOMEN SNOW HIKING WARM BOOTS,0.9032258064516129,1.0,0,0.9516129032258065
CYCLING,BIKE TOOLS MAINTENANCE,0,0.5714285714285714,0.0,0.36363636363636365
CYCLING,BIKE SADDLES,1.0,0.46153846153846156,0.0,0.4
HIKING/TREKKING,CHILDREN HIKING LOW SHOES,0.8596491228070176,0.7634408602150538,0.2765957446808511,0.7237936772046589
TENNIS,BAGS,0.7333333333333333,0.75,0.0,0.6216216216216216
HIKING/TREKKING,"""MEN MOUNTAIN HIKING LONG SLEEVES TS",0.0,0.0,0.0,0.0
HIKING/TREKKING,WOMEN MOUNTAIN HIKING SHOES,0.7012987012987013,0.7142857142857143,0.15151515151515152,0.6232558139534884
HIKING/TREKKING,"""MEN TREK MERINOS WOOL",0.0,0.0,0.0,0.0
JOG/RUN,WOMAN RUNNING UNDERWEAR,0.7094017094017094,0.7928994082840237,0.23404255319148937,0.6846846846846847
Others,FRESHWATER FISHING BANK STICKS,1.0,1.0,0,1.0
HIKING/TREKKING,"""WOM MOUNTAIN HIKING LONG SLEEVES TS",0.0,0.0,0.0,0.0
SKI,MEN'S JACKETS OR PANTS INTERMED. SKIERS,0.796875,0.7714285714285715,1.0,0.8
HIKING/TREKKING,"""WOMEN TREK MERINO WOOL",0.0,0.0,0.0,0.0
SKI,JUNIOR SKI AND SNOWBOARD SOCKS,1.0,0.9259259259259259,0,0.96
SKI,ADULTS SKI SOCKS,1.0,0.9375,0,0.9662921348314607
SKI,ADULT SKI AND SNOWBOARD HEADWEAR,1.0,0.8723404255319149,0.0,0.9032258064516129
SKI,ADULT ON PISTE SKIING GLOVES,1.0,0.8918918918918919,0.9166666666666666,0.9426751592356688
HIKING/TREKKING,MEN MOUNTAIN HIKING FLEECES,0.7885714285714286,0.8125,0.18421052631578946,0.7482837528604119
HIKING/TREKKING,WOMEN NATURE HIKING JUMPERS/HOODIES,0.9696969696969697,1.0,0,0.989010989010989
HIKING/TREKKING,WOMEN SNOW HIKING WARM PANTS & FLEECES,0.819047619047619,0.9629629629629629,0,0.9
CYCLING,SPORT TRAIL MTB HELMETS ADULT,1.0,1.0,0.36363636363636365,0.8409090909090909
Others,COLD WEATHER WOMAN RIDINGWEAR,1.0,1.0,0,1.0
HIKING/TREKKING,CHILDREN SNOW HIKING WARM SHOES & BOOTS,0.9619047619047619,0.95,0,0.9555555555555556
HIKING/TREKKING,"""WOMEN MOUNT TREK PADDED JACKET",0.0,0.0,0,0.0
HIKING/TREKKING,"""MEN MOUNT HIK TS",0.0,0.0,0.0,0.0
HIKING/TREKKING,MEN SNOW HIKING WARM PANTS & FLEECES,0.8120300751879699,0.9534883720930233,0.8571428571428571,0.8985915492957747
HIKING/TREKKING,MEN MOUNTAIN TREKKING OUTFIT,1.0,0.92,0.6666666666666666,0.8888888888888888
HIKING/TREKKING,BOY SNOW HIKING JACKETS & WARM PANTS,0.9285714285714286,0.9761904761904762,0,0.9603174603174603
CLIMBING,MOUNTAINEERING & BIG WALL BACKPACKS,1.0,0.8461538461538461,0.0,0.75
HIKING/TREKKING,HIKING/TREKKING POLES,0.8823529411764706,0.8571428571428571,0.2857142857142857,0.7777777777777778
SKI,JUNIOR SKI AND SNOWBOARD HEADWEAR,1.0,0.875,0,0.9344262295081968
CYCLING,BIKE STORAGE,1.0,1.0,0.0,0.6666666666666666
TABLE_TENNIS,TT FREE TABLES INTERMEDIATE,1.0,1.0,0.0,0.6
BOXING,PUNCHING BAGS,1.0,0.36363636363636365,0.125,0.3333333333333333
HIKING/TREKKING,ALTIMETER OR TREKKING GPS,1.0,1.0,1.0,1.0
HIKING/TREKKING,MEN MOUNTAIN TREKKING SHOES,1.0,0.7,0.0,0.5806451612903226
SKATE/ROLLER,HELMET INLINE SKATE/SKATE/SCOOTER,0.8333333333333334,0.8163265306122449,0.6774193548387096,0.7868852459016393
SKATE/ROLLER,CHILD AND ADULT PADS,0.9117647058823529,0.8297872340425532,0.7297297297297297,0.8220338983050848
SKATE/ROLLER,ICE SKATES,0,1.0,0,1.0
HIKING/TREKKING,TREKKING TENTS,0.6666666666666666,0.45454545454545453,0.0,0.4074074074074074
FITNESS,"""FITNESS CARDIO BAGS",0.0,0.0,0.0,0.0
SAILING,REGATTA RAINY WEATHER MAN CLOTHES,1.0,0.3870967741935484,0.0,0.2413793103448276
HIKING/TREKKING,MEN NATURE HIKING SHOES,0.7956989247311828,0.8288288288288288,0.43243243243243246,0.7551867219917012
TRAIL,COMPASS AND ORIENTEERING EQUIPMENT,0.6,0.35294117647058826,0.0,0.3
Others,RIDING WEAR JUNIOR,1.0,0.975609756097561,0.0,0.94
CLIMBING,AXES & CRAMPONS,0,1.0,0,1.0
BASKETBALL,OFFICIALS BASKETBALL BACKBOARD,0.5,0.6666666666666666,0.0,0.5555555555555556
Others,SERVICE RACKETS,0.0,0,0,0.0
SKATE/ROLLER,JUNIOR FITNESS ICE SKATES,1.0,1.0,0,1.0
SKATE/ROLLER,CHILDREN INLINE SKATE,0.6721311475409836,0.5443037974683544,0.3469387755102041,0.5343915343915344
TENNIS,OCCASIONNAL TENNIS,0.6875,0.6875,0.0,0.5945945945945946
Others,LEISURE PETANQUE BALLS,1.0,0.0,0,0.3333333333333333
HIKING/TREKKING,"""NATURE HIKING SHELTERS",0.0,0.0,0.0,0.0
SAILING,SAILOR SAFETY EQUIPMENT,1.0,0.8333333333333334,0.16666666666666666,0.6470588235294118
HIKING/TREKKING,HIKING INSOLES,0.8275862068965517,0.6666666666666666,0.125,0.6153846153846154
JOG/RUN,RUNNING INSOLES,0.5833333333333334,0.7142857142857143,0.16666666666666666,0.5625
FITNESS,TEXTILE,0,1.0,0,1.0
CYCLING,KIDS BIKE HELMETS,0.9,0.9333333333333333,0.25,0.7692307692307693
CYCLING,BIKE BABY SEATS,0,1.0,1.0,1.0
SKATE/ROLLER,ACCESSORIES JUNIOR SCOOTERS,0.5714285714285714,0.5,0.2,0.45
TENNIS,TENNIS BALLS,0.25,0.25,0.0,0.17391304347826086
CYCLING,TREKKING BOTTLES,1.0,0.5714285714285714,0.5,0.6666666666666666
HIKING/TREKKING,"""TOURING CAMP TENTS",0.0,0.0,0.0,0.0
Others,DART ACCESSORIES,0,0.5,0.0,0.3333333333333333
RUGBY,BALLS,0.6111111111111112,0.5714285714285714,0.2222222222222222,0.5208333333333334
TRIATHLON,EQUIPMENT ACCESSORIES TRIATHLON,1.0,0.96875,0.30303030303030304,0.7446808510638298
CYCLING,BIKE SAFETY ACCESSORIES,0,0.14285714285714285,0.16666666666666666,0.15384615384615385
HIKING/TREKKING,"""CHARGER",0.0,0.0,0.0,0.0
TENNIS,APPAREL ACCESSORIES,0.6153846153846154,0.5671641791044776,0.14634146341463414,0.48554913294797686
TENNIS,ADULT SOCKS,0.708171206225681,0.7406015037593985,0.15463917525773196,0.635483870967742
DIVING,SNK SUITS INT,0.9318181818181818,0.7222222222222222,0.4,0.7457627118644068
DIVING,SNK SUITS BEG,0.375,0.6296296296296297,0.25,0.4576271186440678
TENNIS,ADULT BEGINNER/INTERMEDIATE RACKETS,0.7692307692307693,0.76,0.48,0.7086614173228346
TRAIL,WOMAN TRAIL RUNNING CLOTHES,0.6071428571428571,0.6519337016574586,0.1518987341772152,0.5420560747663551
FOOTBALL,BAG TEAM SPORT,0.7735849056603774,0.7297297297297297,0.23333333333333334,0.6496815286624203
CLIMBING,MOUNTAINEERING & MULTIPITCH ROPES,1.0,0.7,0.0,0.5333333333333333
CLIMBING,OUTDOOR SINGLE ROPES,0,0.5,0.3333333333333333,0.42857142857142855
HIKING/TREKKING,"""TREKKING SLEEPING BAGS",0.0,0.0,0.0,0.0
TENNIS,MEN BEG/INTER MULTICOURT SHOES,0.8232558139534883,0.8,0.36231884057971014,0.7456896551724138
Others,HORSE SADDLE PADS,0,0.75,0,0.75
JOG/RUN,ADULT RUNNING SOCKS,0.7641509433962265,0.7567567567567568,0.42727272727272725,0.6930147058823529
KAYAK/SUP,KAYAK CLOTHING,1.0,0.6842105263157895,0.2777777777777778,0.6621621621621622
VOLLEYBALL,VOLLEY BALL BALLS,1.0,0.8,0.0,0.5384615384615384
TENNIS,WOMEN WARM CONDITION RACKET SP APAREL,0.7226890756302521,0.7603305785123967,0.25925925925925924,0.6530612244897959
Others,RIDER HELMETS,1.0,0.863013698630137,1.0,0.8901098901098901
Others,RIDING APPAREL FOR SHOW,1.0,0.9411764705882353,0.0,0.9425287356321839
CROSSTRAIN,PROTEINS AND SUPPLEMENTS,0.6,0.8181818181818182,0.0,0.6666666666666666
JOG/RUN,OCCASIONAL WOMEN JOG BREATHABLE TEXTILE,0.8187919463087249,0.815028901734104,0.417910447761194,0.7480719794344473
JOG/RUN,JOGGING ACCESSORIES TO CARRY,0.7441860465116279,0.7333333333333333,0.17647058823529413,0.6476190476190476
TENNIS,JUNIOR WARM APPAREL,0.6768558951965066,0.6502242152466368,0.20175438596491227,0.5706713780918727
HIKING/TREKKING,"""HIKING INSULATED BOTTLES",0.0,0.0,0.0,0.0
JOG/RUN,OCCASIONAL MEN JOG BREATHABLE TEXTILE,0.8411764705882353,0.8313253012048193,0.52,0.7785888077858881
PILATES,"""WOMEN ARTISTIC GYM APPAREL",0.0,0,0,0.0
JOG/RUN,SUN PROTECT RUNNING ACCESSORIES,0.7111111111111111,0.6829268292682927,0.1111111111111111,0.5961538461538461
JOG/RUN,REGULAR MEN JOGGING BREATHABLE TEXTILE,0.8532110091743119,0.8704453441295547,0.4166666666666667,0.786096256684492
Others,HOT WEATHER WOMAN RIDINGWEAR,1.0,0.8823529411764706,0,0.8947368421052632
TABLE_TENNIS,TT FREE RACKETS BEGINNER,0.5,0.45454545454545453,0.0,0.36
JOG/RUN,REGULAR MEN JOGGING SHOES,0.8497109826589595,0.8061674008810573,0.2923076923076923,0.7505376344086021
FITNESS,FITNESS CARDIO TRACKSUITS MAN,1.0,1.0,0,1.0
Others,RIGGED LINES,0,1.0,0,1.0
CYCLING,MEN WARM WEATHER ROAD BASELAYER,1.0,0.8181818181818182,1.0,0.8666666666666667
Others,HOT WEATHER JR RIDINGWEAR,1.0,0.8571428571428571,0,0.875
Others,"""WOMEN MODERN DANCE APPAREL",0.0,0.0,0,0.0
HIKING/TREKKING,"""TREKKING STOVES",0.0,0.0,0.0,0.0
CYCLING,URBAN / INTERMODAL HELMET,1.0,0.875,1.0,0.9166666666666666
CYCLING,MID-SEASON HEAD BAND,1.0,0.8125,0.3333333333333333,0.7692307692307693
CYCLING,BIKE GLOVES WARM WEATHER,1.0,0.9540229885057471,0.3902439024390244,0.7972027972027972
CYCLING,JR MTB ROAD WARM WEATHER APPAREL,1.0,1.0,0.625,0.9491525423728814
CYCLING,ADULT WARM WEATHER CROSS C. MTB GLOVES,1.0,1.0,0,1.0
FOOTBALL,JR WARM WEATHER OUTFIT,0.7985865724381626,0.7213114754098361,0.0392156862745098,0.6521739130434783
TABLE_TENNIS,TT RACKETS COVERS BEGINNER,1.0,0.7,0.0,0.6842105263157895
SAILING,CRUISING SHOES WOMAN,0,0.6666666666666666,0,0.6666666666666666
Others,GLASSES AND CAPS,1.0,0.8571428571428571,0,0.9230769230769231
Others,WAISTCOAT,1.0,0.9230769230769231,0,0.9285714285714286
TABLE_TENNIS,TT TABLES INTERMEDIATE,1.0,1.0,0,1.0
DIVING,SCD NEOPREN ACCESSORIES,1.0,0.3,0.1,0.30434782608695654
CYCLING,MEN MID-SEASON ROAD APPAREL,1.0,0.9166666666666666,0.35,0.7192982456140351
CYCLING,HYBRID CYCLING MUDGUARDS,0,1.0,0,1.0
BADMINTON,PLASTIC SHUTTLECOCKS,0.8181818181818182,0.9090909090909091,0.0,0.7916666666666666
JOG/RUN,KIDS ATHLETICS SOCKS,0.0,0.6666666666666666,0.0,0.48148148148148145
CYCLING,WARM WEATHER CITY CYCLING APPAREL & ACC,1.0,1.0,0,1.0
CYCLING,KIDS BIKE TYRES,0,0,0.0,0.0
HIKING/TREKKING,HIKING CAMP JUNIOR EQUIPMENT,0.75,0.25,0.0,0.36363636363636365
JOG/RUN,KIDS ATHLETICS CLOTHES ACCESS,0.9330357142857143,0.7668393782383419,0.3197278911564626,0.7291941875825627
CYCLING,RAIN WEATHER CITY CYCLING APPAREL & ACC,1.0,0.8717948717948718,1.0,0.8936170212765957
HIKING/TREKKING,WOMEN HIKING SANDALS/SHOES WARM WEAT,0.8888888888888888,0.7474747474747475,0.6086956521739131,0.774468085106383
HIKING/TREKKING,CHILDREN HIKING SANDALS,0.6724137931034483,0.5833333333333334,0.38461538461538464,0.554945054945055
HIKING/TREKKING,WOMEN MOUNTAIN HIKING JACKETS,0.8909090909090909,0.8333333333333334,0.2972972972972973,0.7869415807560137
CYCLING,ADULT SPORT TRAIL MTB EYES GLASSES,0.5384615384615384,0.7692307692307693,0.0,0.5151515151515151
CYCLING,ROAD CYCLING SUNGLASSES,1.0,0.9,0.0,0.8181818181818182
JOG/RUN,REGULAR WOMEN JOGGING BREATHABLE TEXTILE,0.8109756097560976,0.805045871559633,0.4748603351955307,0.7444326617179216
HIKING/TREKKING,ADULT NATURE HIKING SOCKS,0.6607142857142857,0.6190476190476191,0.10344827586206896,0.5337837837837838
FOOTBALL,GOALS SOCCER,0.7142857142857143,0.375,0.25,0.47368421052631576
BADMINTON,ADULT INTERMEDIATE BADMINTON RACKETS,0.75,0.78125,0.18181818181818182,0.676056338028169
BADMINTON,KIDS BADMINTON RACKET,0.6666666666666666,0.7647058823529411,0.0,0.5666666666666667
HIKING/TREKKING,SUNGLASSES/BINOCULARS JUNIOR HIKING,0.7450980392156863,0.6470588235294118,0.2,0.5984251968503937
SAILING,SAILING SUNGLASSES,0.4,0.0,0.0,0.18181818181818182
BADMINTON,KIDS BADMINTON SHOES,0.7526881720430108,0.8203125,0.07317073170731707,0.6793893129770993
HIKING/TREKKING,JUNIOR HIKING SOCKS,0.45454545454545453,0.5161290322580645,0.0,0.38235294117647056
HIKING/TREKKING,"""MEN BACKPACKING PANTS",0.0,0.0,0.0,0.0
SURFING,TEMPERED WATER WETSUIT,1.0,0.5,0.0,0.5737704918032787
SURFING,COLD WATER WETSUIT,1.0,0.9,0,0.9166666666666666
GOLF,WOMENS MILD WEATHER GOLF CLOTHING,1.0,0.9605911330049262,0,0.9653679653679653
GOLF,MENS WARM WEATHER GOLF CLOTHING,1.0,0.7623762376237624,0.4,0.7890625
SKATE/ROLLER,ACCESORIES ADULT SCOOTER,0.3333333333333333,0.5,0.0,0.3333333333333333
HIKING/TREKKING,WOMEN MOUNTAIN TREKKING OUTFIT,1.0,0.9629629629629629,0.7837837837837838,0.9382022471910112
SAILING,CRUISING RAINY WEATHER MAN CLOTHES,1.0,0.8223684210526315,0.10526315789473684,0.7415254237288136
SAILING,CRUISING RAINY AND COLD WEATHER JR,1.0,0.7910447761194029,0.04878048780487805,0.6747572815533981
HIKING/TREKKING,10L TO 30L NATURE HIKING BACKPACKS,0.6428571428571429,0.6222222222222222,0.09523809523809523,0.5277777777777778
BADMINTON,FREE BADMINTON,0.8235294117647058,0.631578947368421,0.2,0.6086956521739131
HIKING/TREKKING,"""HIKING CAMP LAMPS",0.0,0.0,0.0,0.0
HIKING/TREKKING,"""BASE CAMP SHELTERS",0.0,0.0,0.0,0.0
SAILING,CRUISING WARM WEATHER MAN CLOTHES,1.0,0.4897959183673469,0.0,0.5510204081632653
DIVING,SNORKELING AQUASHOES,0.6666666666666666,0.5921052631578947,0.2682926829268293,0.5520833333333334
SURFING,BEACH TOWELS,0.72,0.4482758620689655,0.05555555555555555,0.4444444444444444
SURFING,JUNIOR BABY SOLAR PROTECTION WEAR,0.7647058823529411,0.6830357142857143,0.288135593220339,0.6238185255198487
HIKING/TREKKING,BACKPACKS&POLES JUNIOR,0.5714285714285714,0.5,0.3,0.47368421052631576
Others,CANYONING GEAR,0,1.0,0,1.0
CLIMBING,CLIMBING CLOTHING,1.0,0.7961783439490446,0.3137254901960784,0.6912442396313364
SURFING,WOMEN BEGINNER SURF SWIMSUIT,0.9635258358662614,0.952,0.7431192660550459,0.9286592865928659
CYCLING,BIKE LOCKS,1.0,0.5384615384615384,0.0,0.43478260869565216
BADMINTON,BADMINTON ACCESSORIES,0.6730769230769231,0.6666666666666666,0.0,0.568
HIKING/TREKKING,BASE CAMP FURNITURE,0.5833333333333334,0.5294117647058824,0.1111111111111111,0.4473684210526316
Others,TRACKERS PEDOMETERS OR SCALES,1.0,0.5,0,0.7272727272727273
DIVING,"""SCD GLOVES",0.0,0.0,0.0,0.0
HIKING/TREKKING,MEN MOUNTAIN HIKING JACKETS,0.8787878787878788,0.84,0.44,0.7859531772575251
GOLF,GOLF AT HOME,0,0.4,0,0.4
SKI,WOMEN'S JACKETS OR PANTS INTERMED SKIERS,0.9666666666666667,0.9032258064516129,0.0,0.926829268292683
HIKING/TREKKING,HIKING CAMP COOL BOXES,0.5454545454545454,0.3333333333333333,0.0,0.3225806451612903
HIKING/TREKKING,HIKING BOTTLES,0.22727272727272727,0.25,0.13333333333333333,0.21311475409836064
HIKING/TREKKING,"""CHILDREN HIKING LAYER 1",0.0,0.0,0.0,0.0
CLIMBING,CLIMBING SHOES & SLIPPERS,1.0,0.7934782608695652,0.21739130434782608,0.7299270072992701
SURFING,WOMEN ADVANCED SURF SWIMSUIT,0.9139784946236559,0.8837209302325582,0.5636363636363636,0.8205128205128205
JOG/RUN,ATHLLE WATCHES OR STOPWATCHE,0.5333333333333333,0.6764705882352942,0.0,0.5
HIKING/TREKKING,CHILDREN MOUNTAIN HIKING OUTFITS,0.8767123287671232,0.9272727272727272,0.5,0.8702064896755162
BASKETBALL,OFFICIALS BASKETBALL BALLS,0.6875,0.627906976744186,0.10526315789473684,0.5425531914893617
HIKING/TREKKING,MEN MOUNT HIKING LIGHT JACKET WINDSTOP,0.8450704225352113,0.8632478632478633,0.08695652173913043,0.7725118483412322
HIKING/TREKKING,JUNIOR HIKING SUN PROTECTION JACKET,0.803921568627451,0.7658227848101266,0.3111111111111111,0.7247191011235955
SKATE/ROLLER,SKATEBOARD SHOES,1.0,1.0,0,1.0
HIKING/TREKKING,CHILDREN MOUNTAIN HIKING JACKETS,0.85,0.8255813953488372,0.48148148148148145,0.7841530054644809
HIKING/TREKKING,MEN NATURE HIKING JACKETS ALL WEATHER,0.8823529411764706,0.8484848484848485,0.6111111111111112,0.8227272727272728
SURFING,SURF ACCESSORIES,1.0,0.5625,0.6,0.6857142857142857
Others,SPORT WALKING SOCKS,0,0.8571428571428571,0.0,0.75
CLIMBING,CLIMBING & MOUNTAINEERING HARNESS,1.0,0.6428571428571429,0.42857142857142855,0.7428571428571429
CYCLING,KIDS MTB BIKES 6-12 YEARS,1.0,0.8333333333333334,0.16666666666666666,0.65
GOLF,"""GOLF BALLS",0.0,0.0,0.0,0.0
DIVING,SCD GEAR & ACC CLUB/BEG,0,0.75,0.3333333333333333,0.5
DIVING,SCD GEAR & ACC INT,0.7142857142857143,0.5,0.4375,0.5135135135135135
BASKETBALL,JOINT / MUSCLE SUPPORTS,0.646551724137931,0.6302521008403361,0.08450704225352113,0.5098039215686274
CYCLING,BIKE KICKSTANDS,1.0,0.4,0.0,0.25
CYCLING,KIDS BIKES ACCESSORIES 6-12 YEARS,1.0,1.0,1.0,1.0
JOG/RUN,JOGGING HRM WATCHES,0.6,0.5,0.0,0.42857142857142855
BADMINTON,FEATHER SHUTTLECOCKS,0.5555555555555556,0.7241379310344828,0.0,0.5142857142857142
BADMINTON,BADMINTON COURT EQUIPMENT,1.0,0.16666666666666666,0.25,0.42857142857142855
SWIMMING,SWIMMING TOWELS,0.6666666666666666,0.5396825396825397,0.08571428571428572,0.4838709677419355
SAILING,CRUISING COLD WEATHER MAN CLOTHES,1.0,0.8181818181818182,0,0.8947368421052632
SWIMMING,POOLS AND POOLS ACCESORIES,1.0,0.5,0.0,0.5555555555555556
SWIMMING,BABY SWIMSUITS & ACCESS.,0.8296296296296296,0.7015706806282722,0.03389830508474576,0.6441558441558441
SWIMMING,AQUAGYM AQUABIKE SWIMSUITS/MATERIAL,0.8571428571428571,0.7898089171974523,0.15517241379310345,0.6678966789667896
TABLE_TENNIS,TT CLUB ACCESSORIES,0,0.3333333333333333,0.0,0.25
Others,ARCHERY ACCESSORIES,1.0,1.0,0,1.0
HIKING/TREKKING,20L TO 40L MOUNTAIN HIKING BACKPACKS,0.35714285714285715,0.375,0.0,0.2558139534883721
RUGBY,COLD CARE,0.4,0.2,0.0,0.2
JOG/RUN,MAN RUNNING UNDERWEAR,0.6461538461538462,0.7314814814814815,0.02702702702702703,0.580952380952381
JOG/RUN,EARPHONES & MP3,0.6363636363636364,0.6363636363636364,0.0,0.5384615384615384
CYCLING,ROAD RACING BIKES,1.0,0.9,0.6363636363636364,0.8333333333333334
SKATE/ROLLER,CHILD SCOOTERS,0.7428571428571429,0.6153846153846154,0.1111111111111111,0.5652173913043478
FITNESS,FITNESS CARDIO ACCESSORIES FOR EQUIPMENT,1.0,1.0,0.0,0.75
TENNIS,JUNIOR RACKET,0.45,0.3684210526315789,0.0,0.3137254901960784
Others,BALLET SHOES,1.0,0.8333333333333334,0.0,0.8
FITNESS,TILLS CABINET,1.0,1.0,0,1.0
CYCLING,ANTIPOLLUTION AND WARM MASKS,0.75,0.5625,0.2,0.5476190476190477
Others,SWEATERS,0,1.0,0,1.0
HIKING/TREKKING,MEN HIKING SANDALS/SHOES WARM WEAT,0.813953488372093,0.8365384615384616,0.7166666666666667,0.8
Others,WELLIES,1.0,1.0,0.0,0.9545454545454546
Others,BRIDLEWORK,0,0.7142857142857143,0,0.7142857142857143
YOGA,YOGA ACCESSORIES,0.5625,0.5,0.07142857142857142,0.3958333333333333
TENNIS,WOMEN BEG/INTER MULTICOURT SHOES,0.7377049180327869,0.6666666666666666,0.4473684210526316,0.6415094339622641
SKI,KID BEGINNER ON PISTE SKIING CLOTHS,0.9387755102040817,0.8571428571428571,0.0,0.88
TENNIS,RACKETS ACCESSORIES,0.75,0.5625,0.5384615384615384,0.6222222222222222
FOOTBALL,GOALKEEPER SOCCER,0.927710843373494,0.9183673469387755,0.4583333333333333,0.8682926829268293
JOG/RUN,OCCASIONAL MEN JOG SHOES,0.896551724137931,0.8950276243093923,0.21739130434782608,0.8544973544973545
TENNIS,JUNIOR SHOES,0.6541666666666667,0.6781609195402298,0.2517985611510791,0.5765625
FOOTBALL,HARD PITCH FOOTBALL SHOES,0.9396551724137931,0.8284313725490197,0.3269230769230769,0.793010752688172
JOG/RUN,REGULAR MEN JOGGING COLD PROTECT TX,0.8478260869565217,1.0,1.0,0.9295302013422819
TABLE_TENNIS,TT BALLS,0.5714285714285714,0.7333333333333333,0.0,0.6
GOLF,GOLF UMBRELLAS,0.8666666666666667,0.7333333333333333,0.3333333333333333,0.6923076923076923
JOG/RUN,REGULAR WOMEN JOG COLD PROTECT TEXTILE,1.0,0.7906976744186046,0,0.8534201954397395
JOG/RUN,WOMAN ROAD RUNNING CLOTHES,0.96,0.7863247863247863,0.2564102564102564,0.7414187643020596
Others,JUNIOR CLOTHING,0,1.0,0,1.0
SKI,BOY. INTERMEDIATE ON PIST SKIING CLOTHS,1.0,0.9375,0.0,0.9560439560439561
JOG/RUN,RUNNING COLD PROTECT ACCESSORIES,0.7241379310344828,0.8275862068965517,0.5,0.7666666666666667
CYCLING,ROAD BIKE TYRES,0,1.0,0.0,0.6666666666666666
Others,COLD WEATHER FISHING CLOTHES,0,1.0,0,1.0
GOLF,MENS COLD WEATHER GOLF CLOTHING,1.0,1.0,0,1.0
PILATES,GYM STRETCHING SMALL EQUIPMENT,0.625,0.625,0.5,0.5833333333333334
HIKING/TREKKING,CHILD HIKING BOOTS,0.8928571428571429,0.9102564102564102,0.6,0.87248322147651
SKI,WOMEN SKI BASELAYER & PULL,1.0,0.967391304347826,0.0,0.9698795180722891
CYCLING,MEN COLD WEATHER ROAD RACING APPAREL,0,1.0,0,1.0
SKI,BOY SKI BASELAYER & PULL,1.0,0.9180327868852459,0.0,0.9112903225806451
CYCLING,MEN COLD WEATHER ROAD CYCLING APPAREL,1.0,1.0,0,1.0
FOOTBALL,HARD PITCH FOOTBALL SHOES JR,0.9545454545454546,0.7125506072874493,0.32653061224489793,0.7627118644067796
CYCLING,JR COLD WEATHER CYCLING APPAREL ACC,0,1.0,0,1.0
HIKING/TREKKING,WOMEN MOUNTAIN TREKKING SHOES,1.0,0.6666666666666666,0.3333333333333333,0.6363636363636364
CYCLING,WOMEN COLD WEATHER ROAD APPAREL,1.0,1.0,0,1.0
HIKING/TREKKING,WOMEN MOUNT HIKING FLEECES,0.7986577181208053,0.8564102564102564,0.15625,0.773936170212766
HIKING/TREKKING,MEN SNOW HIKING WARM JACKETS,0.9215686274509803,0.896551724137931,0,0.908256880733945
HIKING/TREKKING,MEN BACKPACKING JACKETS COLD WEATHER,1.0,1.0,1.0,1.0
SKI,MEN SKI BASELAYER & PULL,1.0,0.9726027397260274,0.0,0.9696969696969697
SKI,MEN 'S SKI OR POLES INTERM. SKIERS,1.0,1.0,0,1.0
HIKING/TREKKING,WOMEN MOUNTAIN TREK SOFTSHELL,1.0,1.0,0,1.0
HIKING/TREKKING,ARCTIC TREKKING OUTFIT,1.0,1.0,0,1.0
CYCLING,MEN COLD WEATHER ROAD BASELAYER,1.0,1.0,0,1.0
SKI,ADULT CROSS COUNTRY CLOTHING,1.0,1.0,0,1.0
SAILING,MAN SAILING COLD WTR WATERPROOF CLOTHES,1.0,1.0,0.5,0.9838709677419355
SAILING,REGATTA COLD WEATHER MAN CLOTHES,1.0,0.9622641509433962,0.0,0.6951219512195121
SAILING,JUNIOR SAILING COLD WTR WATERPROOF,1.0,0.8444444444444444,0.0,0.7375
HIKING/TREKKING,FLEECE PADDED & SOFTHELL JKT GIRL 7-15 Y,1.0,0.6428571428571429,0.0,0.7659574468085106
SKI,WOMEN'S CLOTHING BEGINNER SKIERS,0.8870967741935484,0.8194444444444444,1.0,0.8591549295774648
HIKING/TREKKING,WOMEN BACKPACKING JACKETS COLD WEATHER,1.0,1.0,0,1.0
HIKING/TREKKING,MEN SNOW HIKING WARM BOOTS,1.0,1.0,0,1.0
HIKING/TREKKING,MEN SNOW HIKING WARM SHOES & GRIPS,0.7903225806451613,0.8932038834951457,1.0,0.8562874251497006
HIKING/TREKKING,CHILDREN SNOW HIKING GLOVES & WARM SOCKS,0.9743589743589743,0.7906976744186046,0,0.8780487804878049
HIKING/TREKKING,MEN MOUNTAIN HIKING SHOES,0.7551020408163265,0.8392857142857143,0.3902439024390244,0.752442996742671
CROSSTRAIN,"""GLOVES",0.0,0.0,0.0,0.0
PILATES,BABY GYM SMALL EQUIPMENT,0.8333333333333334,0.625,0.2727272727272727,0.6226415094339622
CLIMBING,MOUNTAINEERING BOOTS,0,1.0,0,1.0
TABLE_TENNIS,TT RACKETS ACCESORIES,0,1.0,0,1.0
SKATE/ROLLER,ADULT FITNESS ICE SKATES,1.0,1.0,0,1.0
FITNESS,MOUNTAIN,0,1.0,0,1.0
TENNIS,TENNIS WORKSHOP,0,0,1.0,1.0
FITNESS,PEGS AND BARS,0.5,1.0,0.0,0.75
FITNESS,SQUELETTOR,1.0,1.0,0,1.0
HIKING/TREKKING,MEN NATURE HIKING SHORTS/T-SHIRTS,0.8939393939393939,0.8100558659217877,0.7126436781609196,0.8275862068965517
HIKING/TREKKING,WOMEN NATURE HIKING LAYER 1 WARM WEATHER,0.88,0.8367346938775511,0.44,0.7919254658385093
SKATE/ROLLER,WAVEBOARDS,0,1.0,0,1.0
SKATE/ROLLER,ADULT SCOOTERS,0.8888888888888888,0.5384615384615384,0.16666666666666666,0.5714285714285714
VOLLEYBALL,BEACH-VOLLEY,1.0,0.7058823529411765,0.25,0.725
CYCLING,BIKE COMPUTERS,1.0,0.5714285714285714,0.0,0.4
FITNESS,FITTING,0,1.0,0,1.0
DIVING,SPF SUITS 16/24бу INT,0,1.0,0,1.0
TRIATHLON,SUN PROTECTION,1.0,0,0,1.0
FOOTBALL,DRY PITCH FOOTBALL SHOES,0.8518518518518519,0.7867647058823529,0.3170731707317073,0.743859649122807
Others,HORSE RIDING SADDLERY,0,0.3333333333333333,0,0.3333333333333333
FITNESS,CUSTOMER BAG,0.0,0.3333333333333333,0.5,0.2222222222222222
Others,"""BALLET DANCE TIGHTS",0.0,0.0,0.0,0.0
SWIMMING,OPEN WATER SWIMMING WARM WATER & ACCES.,0.9444444444444444,0.7142857142857143,0.2857142857142857,0.6792452830188679
HIKING/TREKKING,"""WOMEN MOUNT HIK TS",0.0,0.0,0.0,0.0
CYCLING,BIKE RACKS,0,0.75,0.0,0.375
Others,BASEBALL,1.0,0.8888888888888888,0.5,0.8571428571428571
CLIMBING,ACCESS CORDS,1.0,0.14285714285714285,0.0,0.25
Others,CUSTOMERS ORDERS,1.0,1.0,0,1.0
Others,PREDATORS FISHING DISCOVERY,1.0,1.0,0.0,0.875
Others,SHOES,1.0,0.8,0,0.875
Others,FLEECES/PADDED JACKETS,1.0,0.8888888888888888,0,0.9230769230769231
Others,MECHANICS TRANSMISSION BIKING,0,1.0,0,1.0
Others,ACCESSORIES BIKING,0,1.0,0,1.0
Others,HIDES,1.0,1.0,0,1.0
Others,HORSE RIDING SADDLES,0,1.0,0,1.0
CLIMBING,SLACKLINE,0,1.0,0,1.0
Others,POLE FISHING DISCOVERY,0,1.0,0,1.0
SKATE/ROLLER,OTHER SCOOTER GLIDES,1.0,1.0,0,1.0
PILATES,PILATES SMALL EQUIPMENT,0.6666666666666666,0.6,0.2857142857142857,0.5412844036697247
SWIMMING,OPEN WATER SWIMMING COLD WATER,1.0,0.5,0,0.75
Others,BITS,0,0.5,0,0.5
Others,RIDING COUNTRY/TRAINERS BOOTS/HALF CHAPS,1.0,0.8333333333333334,0,0.8571428571428571
BOXING,WRAPS AND UNDER GLOVES,0.8333333333333334,0.7333333333333333,0.14285714285714285,0.6071428571428571
SKI,SKI LUGGAGE,1.0,0.6666666666666666,0.0,0.75
SKI,JUNIOR CROSS COUNTRY SKI CLOTHING,0,1.0,0,1.0
Others,EXTREMELY WARM CLOTHING,0,1.0,0,1.0
CLIMBING,VIA FERRATA LANYARD & GEAR,1.0,0.6,0.0,0.5333333333333333
Others,MEN RIDING APPAREL,1.0,0.9824561403508771,0,0.9850746268656716
Others,RIDING SOCKS ADULTE,0,0.9166666666666666,0,0.9166666666666666
Others,HALF CHAPS,1.0,0.88,0.0,0.8823529411764706
DIVING,SCD SUITS >25бу BEG,1.0,0.5238095238095238,0.3125,0.4878048780487805
CYCLING,ROAD BIKES STEERING,1.0,1.0,0,1.0
PILATES,"""RHYTHMIC GYM APPARATUS",0.0,0.0,0,0.0
CLIMBING,MOUNTAINEERING SLEEPING BAGS,0,1.0,0.5,0.7692307692307693
Others,Gift cards,0.3333333333333333,0.16666666666666666,0.8,0.4117647058823529
SKATE/ROLLER,FREESTYLE SCOOTER,1.0,1.0,0,1.0
PILATES,BABY GYM FOOTWEAR,1.0,0.9791666666666666,0,0.9823008849557522
Others,POSTED CAMOUFLAGE CLOTHING,0,1.0,0,1.0
FITNESS,HEALF AND DISCOVERY,1.0,1.0,0,1.0
TENNIS,BEACH TENNIS,0.2857142857142857,0.0,0.0,0.1111111111111111
SAILING,CRUISING COLD WEATHER WOMAN CLOTHES,1.0,1.0,0,1.0
SAILING,SAILOR ACCESSORIES,0.8648648648648649,0.8269230769230769,0.5757575757575758,0.7704918032786885
HIKING/TREKKING,WOMEN SNOW HIKING WARM JACKETS,0.9487179487179487,0.8392857142857143,0,0.8842105263157894
HIKING/TREKKING,HIKING BINOCULARS,0.6666666666666666,0.6666666666666666,0.0,0.5454545454545454
SKI,SKI AND SNOWBOARD BODY ARMOUR,1.0,0.92,0,0.9574468085106383
CROSSTRAIN,BODYBUILDING GUIDED EQUIPMENT,1.0,0.8,0.6,0.75
SKI,SNOWBOARD PROTECTIONS,1.0,0.9166666666666666,1.0,0.9607843137254902
SKI,SKI AND SNOWBOARD HELMETS,1.0,1.0,1.0,1.0
BADMINTON,ADULT ADVANCED BADMINTON RACKETS,0.8648648648648649,0.5853658536585366,0.3333333333333333,0.6274509803921569
YOGA,YOGA MATS,0.5714285714285714,0.38095238095238093,0.0,0.36363636363636365
CYCLING,WARM WEATHER INTERMEDIATE ST MTB GLOVES,1.0,0.7333333333333333,0.4,0.6956521739130435
Others,TROUT BASKETS BAGS,1.0,0,0,1.0
PILATES,BOY EDUCATIONAL GYM APPAREL,0.8635014836795252,0.8276699029126213,0.3728813559322034,0.7797001153402537
CYCLING,ROAD BIKE PEDALS CLEATS,0,0.5,0.0,0.3333333333333333
HIKING/TREKKING,WOMEN BACKPACKING OUTFIT,0.9306930693069307,0.8412698412698413,0.6304347826086957,0.8388278388278388
CYCLING,DRY TERRAIN MTB TYRES,0,0.0,0.0,0.0
CYCLING,SPORT TRAIL MTB WATER BAG ADULT,1.0,0.8888888888888888,0.5,0.8125
Others,VESTS AND PANTS,0,1.0,0.0,0.5
CYCLING,W WARM WEATHER ST MTB APPAREL,1.0,0.631578947368421,0.47368421052631576,0.6304347826086957
HIKING/TREKKING,+50L TRAVEL BACKPACKS,0.7272727272727273,0.6666666666666666,0.0,0.5
HIKING/TREKKING,MOUNTAIN TREKKING BACKPACKS +50L,0.5,0.5,0.14285714285714285,0.4
CYCLING,MTB CAMERAS & ACCESSORIES,0.8181818181818182,1.0,0.0,0.8695652173913043
SURFING,MEN SOLAR PROTECTION WEAR,0.7985611510791367,0.7430555555555556,0.4927536231884058,0.7159090909090909
KAYAK/SUP,BUOYANCY AIDS 50N,0.8235294117647058,0.7083333333333334,0.3333333333333333,0.660377358490566
CYCLING,BIKE CITY TYRES,1.0,0.5,0.0,0.5
HIKING/TREKKING,WOMEN NATURE HIKING PANTS,0.90625,0.9402985074626866,0.6190476190476191,0.875
SAILING,WM SAILING COLD WTR WATERPROOF CLOTHES,1.0,1.0,0.0,0.975609756097561
SKI,SKI AND SNOWBOARD GOGGLES,1.0,0.9803921568627451,1.0,0.9903846153846154
CYCLING,MTB MUDGUARDS,0,0.3333333333333333,0.0,0.2
CYCLING,COMPACT / FOLDING BIKE,1.0,0.875,0.0,0.6153846153846154
CYCLING,SADDLE BAGS,0,0.6666666666666666,0.0,0.4
BADMINTON,MEN'S BEGINNER BADMINTON SHOES,1.0,0.9333333333333333,0.7272727272727273,0.9217391304347826
CROSSTRAIN,CROSS-TRAINING ACCESSORIES AND EQUIPMENT,0.5333333333333333,0.6666666666666666,0.30303030303030304,0.5203252032520326
SURFING,WARM WATER SPRINGSUIT,0.6774193548387096,0.5625,0.08823529411764706,0.50625
FITNESS,RACKS BASKETS SHELVES,0,1.0,0,1.0
TABLE_TENNIS,TT FREE SMALL SPACE OF PRACTICE PANOPLY,0.8333333333333334,0.7142857142857143,0.0,0.5882352941176471
CYCLING,FRAME / HANDLEBAR LUGGAGE,1.0,0.2222222222222222,0.0,0.25
Others,TELESCOPIC LEDGERING RODS UP TO 80G,0,0.0,0,0.0
CYCLING,COMPACT / FOLDING BIKE ACCESS,1.0,0.5,0.0,0.5
Others,BINOCULARS/FLASHLIGHT,1.0,1.0,0,1.0
CYCLING,LEARNING BIKES 3-5 YEARS,0,0.6,0.0,0.3333333333333333
BASKETBALL,WOMAN BASKETBALL OUTFIT,0.6136363636363636,0.7355371900826446,0.08108108108108109,0.5891089108910891
BADMINTON,WOMEN'S BEGINNER BADMINTON SHOES,0.8888888888888888,0.7857142857142857,0.3333333333333333,0.7459016393442623
BADMINTON,WOMAN BADMINTON/SQUASH SHOES,0.0,0.0,0,0.0
BASKETBALL,KIDS BASKETBALL FOOTWEAR,0.7307692307692307,0.7804878048780488,0.22448979591836735,0.6951219512195121
Others,SALTWATER FISHING DISCOVERY,1.0,0,0.0,0.5
TABLE_TENNIS,TT FREE TABLES ADVANCED,0,0,0.0,0.0
FOOTBALL,LEASURE FOOTBALL BALLS,0.8,0.8823529411764706,0.3333333333333333,0.7575757575757576
TENNIS,WOMEN ADVANCED MULTICOURT SHOES,0.8333333333333334,0.9166666666666666,0,0.875
BADMINTON,MEN'S ADVANCED BADMINTON APPAREL,1.0,0.4,0.0,0.4117647058823529
TRAIL,MAN TRAIL RUNNING CLOTHES,0.6852791878172588,0.6919431279620853,0.14102564102564102,0.6008230452674898
Others,WOMEN SPORT WALKING SHOES,1.0,0.9761904761904762,0.0,0.9659863945578231
TENNIS,ADULT ADVANCED RACKETS,0.8,0.8,0.75,0.7884615384615384
TENNIS,TENNIS COVERS,0.5,0.5,0.0,0.4
JOG/RUN,REGULAR WOMEN JOGGING SHOES,0.8344370860927153,0.6974358974358974,0.19718309859154928,0.6618705035971223
TABLE_TENNIS,TT RACKETS COVERS ADVANCED,1.0,1.0,0.0,0.6666666666666666
FITNESS,"""WOMAN FITNESS BRA",0.0,0.0,0.0,0.0
YOGA,MAN YOGA APPAREL,1.0,0.864516129032258,0.27586206896551724,0.7407407407407407
Others,"""KIDS BALLET LEOTARD",0.0,0.0,0.0,0.0
Others,"""STEEL TIP DARTS",0,0.0,0,0.0
FITNESS,FITNESS CARDIO BEGINNER WOMAN SHOES,1.0,1.0,1.0,1.0
BADMINTON,BADMINTON BAGS,0.7777777777777778,0.8,0.3333333333333333,0.7272727272727273
Others,LINES OVER 300M,0,1.0,0,1.0
Others,FLUOROCARBON,0,1.0,0,1.0
FOOTBALL,ENGLAND NATIONAL TEAM,1.0,1.0,0,1.0
CYCLING,ROAD SOCKS WARM WEATHER,1.0,0.7333333333333333,0.13333333333333333,0.6181818181818182
GOLF,WOMENS WARM WEATHER GOLF CLOTHING,1.0,0.8571428571428571,0.0,0.8421052631578947
Others,NORDIC WALKING POLES,0,1.0,0,1.0
CYCLING,WOMEN WARM WEATHER ROAD APPAREL,0.9736842105263158,0.6842105263157895,0.25,0.6614173228346457
JOG/RUN,OCC MEN JOG WIND PROTECT TEXTILE,0.9210526315789473,0.868421052631579,0.3888888888888889,0.7978723404255319
CYCLING,ROAD BIKE HELMETS,1.0,0.9375,0.6153846153846154,0.8679245283018868
SAILING,CRUISING RAINY WEATHER WOMAN CLOTHES,1.0,0.7666666666666667,0.0,0.6763005780346821
HIKING/TREKKING,"""MEN FAST HIKING SHOES",0.0,0.0,0.0,0.0
VOLLEYBALL,VOLLEY BALL APPAREL,1.0,1.0,0,1.0
CYCLING,BIKE CARRIER LUGGAGE,1.0,1.0,0,1.0
HIKING/TREKKING,WOMEN MOUNT HIKING LIGHT JACKET WINDSTOP,0.6666666666666666,0.7941176470588235,0.0,0.6502732240437158
HIKING/TREKKING,WOMEN NATURE HIKING JACKETS ALL WEATHER,0.8714285714285714,0.7916666666666666,0.5128205128205128,0.7658536585365854
Others,LIGHTWEIGHT CLOTHING,1.0,0.6,0,0.7777777777777778
HIKING/TREKKING,MEN NATURE HIKING PANTS,0.8222222222222222,0.8976377952755905,0.13333333333333333,0.8181818181818182
CROSSTRAIN,CROSS-TRAINING APPAREL,0.9392265193370166,0.888646288209607,0.19402985074626866,0.8356940509915014
CYCLING,MEN INTERMED/ADVDSPORT TRAIL MTB BIKE,0,0.9629629629629629,0.5,0.8048780487804879
SURFING,COLD WATER THERMAL ACCESSORIES,0.9285714285714286,0.9047619047619048,0.47368421052631576,0.8349514563106796
SURFING,WOWEN SOLAR PROTECTION WEAR,0.8455284552845529,0.7615384615384615,0.3384615384615385,0.7075471698113207
SAILING,REGATTA WARM WEATHER WOMAN CLOTHES,0,1.0,0,1.0
SAILING,REGATTA WARM WEATHER MAN CLOTHES,0,1.0,0.5833333333333334,0.8611111111111112
GOLF,MENS WARM WEATHER GOLF SHOES,1.0,0.8387096774193549,1.0,0.875
SURFING,DISCOVERY BODYBOARD,0.8333333333333334,0.5,0.4,0.5882352941176471
HIKING/TREKKING,"""WOMEN FAST HIKING SHOES",0.0,0.0,0.0,0.0
HIKING/TREKKING,ADULT MOUNTAIN HIKING SOCKS,0.5384615384615384,0.5666666666666667,0.0,0.4189189189189189
GOLF,WOMENS WARM WEATHER GOLF SHOES,0,0.13636363636363635,0.0,0.11538461538461539
CYCLING,BIKE SMARTPHONE HOLDERS,1.0,0.5,0.0,0.4444444444444444
FITNESS,FITNESS CARDIO STEPPER,0.6666666666666666,0.7272727272727273,0.0,0.56
TRAIL,RUNNING SUNGLASSES,0.75,0.9090909090909091,0.0,0.6551724137931034
GOLF,JUNIOR GOLF EQUIPMENT,1.0,0.7272727272727273,0,0.8125
SKI,MEN'S JACKETS OR PANTS BEGINNER SKIERS,0.803921568627451,0.847457627118644,0.8333333333333334,0.8275862068965517
Others,CN CHINESE FISHING LINES,0,0,0.0,0.0
FOOTBALL,DRY PITCH FOOTBALL SHOES JR,0.9523809523809523,0.7426900584795322,0.6086956521739131,0.7919254658385093
TENNIS,JUNIOR SOCKS,0.6090909090909091,0.6909090909090909,0.0,0.556420233463035
FITNESS,FITNESS CARDIO HOME BIKE,1.0,1.0,0.5,0.8888888888888888
SKI,GIRL BEGINNER ON PIST SKIING CLOTHS,0.8095238095238095,0.7391304347826086,0.7142857142857143,0.7647058823529411
CLIMBING,INDOOR ROPES,0,1.0,0,1.0
Others,DISCOVERY AQUATIC ENVIRONMENT,0,1.0,0,1.0
FITNESS,FITNESS CARDIO TREADMILL,1.0,1.0,0,1.0
FITNESS,FITNESS CARDIO TRAMPOLINE,1.0,1.0,0.0,0.6666666666666666
BADMINTON,MEN'S INTERMEDIATE BADMINTON APPAREL,0.7981651376146789,0.7054263565891473,0.13333333333333333,0.6501766784452296
BADMINTON,WOMEN'S INTERMEDIATE BADMINTON APPAREL,0.7570093457943925,0.8076923076923077,0.15789473684210525,0.6981818181818182
KAYAK/SUP,PADDLES STAND UP PADDLE,0.75,0.5,0.25,0.5
KAYAK/SUP,TOURING INFLATABLE SUP,0.8333333333333334,0.42857142857142855,0.5,0.5882352941176471
SKI,KID ON PISTE SKIING EQUIPMENT,1.0,0.625,0,0.8235294117647058
KAYAK/SUP,"""PUMPS",0.0,0.0,0.0,0.0
VOLLEYBALL,"""VOLLEY BALL KNEEPADS",0.0,0.0,0.0,0.0
HIKING/TREKKING,HEAD LAMPS TREK,0.75,0.6666666666666666,0.0,0.5454545454545454
CYCLING,CHILDS FIRST BIKE (1-4 YEARS),1.0,0.6,0.0,0.47368421052631576
Others,COLD WEATHER JR RIDINGWEAR,1.0,1.0,0,1.0
PILATES,WOMAN PANT JACKET SWEAT,1.0,0.9320388349514563,0.0,0.9480874316939891
GOLF,MEN GOLF RAINWEAR,1.0,1.0,0,1.0
FITNESS,FITNESS CARDIO CONFIRMED MAN OUTFIT,0.8762376237623762,0.8356643356643356,0.37,0.7704081632653061
BADMINTON,MEN'S INTERMEDIATE BADMINTON SHOES,0.7011494252873564,0.6794871794871795,0.10344827586206896,0.6030927835051546
TRAIL,MAN TRAIL RUNNING SHOES,0.8333333333333334,0.7373737373737373,0.21739130434782608,0.715
CYCLING,KIDS HYBRID BIKES 6-12 YEARS,1.0,1.0,0.4,0.7692307692307693
TRAIL,WOMAN TRAIL RUNNING SHOES,0.7972972972972973,0.8378378378378378,0.21052631578947367,0.7485029940119761
PILATES,"""WOMAN GYM",0,0.0,0,0.0
RUGBY,APPAREL RUGBY JUNIOR,0.7727272727272727,0.5714285714285714,0.5714285714285714,0.640625
RUGBY,APPAREL RUGBY MEN,0.8837209302325582,0.7692307692307693,0.6451612903225806,0.7787610619469026
CYCLING,ROADR BIKE SHOES,1.0,1.0,0.625,0.9230769230769231
JOG/RUN,KIDS ATHLETICS SHOES,1.0,0.7862068965517242,0.31868131868131866,0.761996161228407
GOLF,GOLF DIRECT ORDER ACCESSORIES,0.5,0,0,0.5
Others,WATERPROOF CLOTHING,1.0,1.0,0,1.0
JOG/RUN,MAN ROAD RUNNING COLD PROTECT CLOTHES,1.0,1.0,0.0,0.987012987012987
JOG/RUN,REGULAR WOMEN JOG RAIN PROTECT TEXTILE,1.0,1.0,0,1.0
JOG/RUN,OCC WOMEN JOG WIND PROTECT TX,0.8,0.8055555555555556,0.5833333333333334,0.7692307692307693
JOG/RUN,WOMAN ROAD RUNNING COLD PROTECT CLOTHES,1.0,1.0,0,1.0
BOXING,BOXING APPARELS,1.0,0.9090909090909091,0.5,0.88
Others,T-SHIRTS/POLOS,0,1.0,0,1.0
SKI,MEN BEGINNER SNOWBOARD EQUIPMENT,1.0,0.9444444444444444,0,0.9705882352941176
SKI,SKI AND SNOWBOARD BACKPACKS,1.0,0.6666666666666666,0,0.8571428571428571
RUGBY,BOOTS RUGBY DRY PITCH MEN,1.0,1.0,0,1.0
JOG/RUN,RUNNING VISIBILITY ACCESSORIES,0.75,0.75,0.25,0.5833333333333334
TENNIS,WOMAN COOL APPAREL,1.0,1.0,0,1.0
CYCLING,MEN WET WEATHER ROAD RACING APPAREL,1.0,0.4,0.0,0.3333333333333333
RUGBY,GUM SHIELD RUGBY,1.0,1.0,0.3333333333333333,0.7777777777777778
FITNESS,FITNESS CARDIO EXPERT WOMAN CLOTHING,0.7833333333333333,0.7526881720430108,0.4268292682926829,0.6932989690721649
SAILING,CRUISING SHOES MAN,1.0,1.0,0,1.0
SAILING,BEGINNER DINGHY EQUIPMENT,1.0,1.0,0.16666666666666666,0.75
SKI,WOMAN'S FREERIDE SKIING CLOTHING,1.0,0.9534883720930233,0,0.9701492537313433
HIKING/TREKKING,MEN MOUNTAIN TREK SOFTSHELL,1.0,1.0,0,1.0
SKI,WOMEN'S SKI BOOTS INTERMED. SKIERS,0,0.8,0,0.8
HIKING/TREKKING,GIRL SNOW HIKING JACKETS & WARM PANTS,1.0,0.9859154929577465,0.0,0.9831932773109243
SKI,BOY ADVANCED ON PISTE SKIING CLOTHS,1.0,1.0,0,1.0
SKI,JUNIOR SNOWBOARD EQUIPMENT,0.9795918367346939,0.8260869565217391,0.0,0.8823529411764706
SKI,WOMEN'S JACKET OR PANT ADVANCED SKIERS,1.0,1.0,0,1.0
SKI,WOMEN BEGINNER SNOWBOARD EQUIPMENT,1.0,0.9591836734693877,1.0,0.9764705882352941
SKI,FREERIDE SKI GLOVES ADULTS,0,1.0,0,1.0
SKI,MEN INTERMEDIATE SNOWBOARD EQUIPMENT,1.0,1.0,0,1.0
SKI,MAN'S FREERIDE SKIING CLOTHING,0.9210526315789473,0.94,0.6666666666666666,0.9148936170212766
FOOTBALL,KIPSTA CLUB TEXTILE,0,1.0,0,1.0
HIKING/TREKKING,FLEECE PADDED & SOFTHELL JKT BOY 2-6 Y,1.0,0.8414634146341463,0,0.9057971014492754
TENNIS,LIFESTYLE MEN SHOES HISTORICAL,1.0,1.0,0,1.0
TENNIS,LIFESTYLE WOMEN SHOES HISTORICAL,1.0,1.0,0,1.0
BADMINTON,ADULT BEGINNER BADMINTON RACKETS,0.7058823529411765,0.6470588235294118,0.0,0.5609756097560976
BADMINTON,WOMEN'S INTERMEDIATE BADMINTON SHOES,0.7916666666666666,0.625,0.375,0.640625
BADMINTON,MEN'S ADVANCED BADMINTON SHOES,0,0.35714285714285715,0.76,0.6153846153846154
SQUASH,SQUASH JUNIOR.,0.0,0.0,0.0,0.0
TENNIS,MEN ADVANCED MULTICOURT SHOES,0.8,1.0,0,0.9
JOG/RUN,RUNNING GPS WATCHES,0.6666666666666666,0.6666666666666666,0.0,0.5714285714285714
SKI,KID SKI AND SNOWBOARD HELMETS,1.0,0.9230769230769231,0,0.9545454545454546
SKI,FREERIDE SKIING HELMETS,1.0,1.0,0,1.0
SKI,COLD PROTECTION,0.0,0.5,0.0,0.23076923076923078
Others,KNIFES,0,1.0,0,1.0
BOXING,BOXING LUGGAGE,0,0.0,0.0,0.0
FITNESS,FITNESS CARDIO ELLIPTICAL,0,1.0,0.5,0.875
FOOTBALL,FUTSAL SHOES HOMME,0.803921568627451,0.6470588235294118,0.5348837209302325,0.6689655172413793
CYCLING,MEN ROAD CYCLING BIKES,1.0,0.9142857142857143,0.64,0.8032786885245902
FITNESS,FITNESS CARDIO BOTTLE TOWEL SWEATING,0.0,0.0,0.0,0.0
FITNESS,FITNESS CARDIO EXPERT MAN OUTFIT,0.6756756756756757,0.7575757575757576,0.1694915254237288,0.6208053691275168
JOG/RUN,WOMAN ROAD RUNNING SHOES,1.0,0.8367346938775511,0.2222222222222222,0.8140703517587939
Others,"""TROUT",0.0,0,0.0,0.0
Others,"""URBAN DANCE",0.0,0.0,0,0.0
FITNESS,FITNESS CARDIO CONFIRMED WOMAN CLOTHING,0.9285714285714286,0.8828967642526965,0.583710407239819,0.8473926380368099
CYCLING,MEN WARM WEATHER ROAD RACING APPAREL,0,0.92,0.4666666666666667,0.8153846153846154
JOG/RUN,ATHLETISM CLOTHES ADULT,1.0,0.5714285714285714,0.17647058823529413,0.48598130841121495
CYCLING,MEN WARM WEATHER BEGIN ST MTB APPAREL,1.0,0.8,0,0.9
DIVING,SCD MASKS & SNORKELS INT,1.0,0.7272727272727273,0.2857142857142857,0.7142857142857143
FITNESS,FITNESS CARDIO BIKING,0,1.0,0.5,0.75
GOLF,WOMENS MILD WEATHER GOLF SHOES,0,0.6,0,0.6
GOLF,GOLF SHOES,0,1.0,0,1.0
HIKING/TREKKING,SHORTS T-SHIRTS HATS REGULAR 7-15 yrs,0.6507936507936508,0.7623762376237624,0.3333333333333333,0.645320197044335
HIKING/TREKKING,TREKKING CARRYING BAGS,0.5,0.75,0.3333333333333333,0.5454545454545454
SURFING,MEN ADVANCED BOARDSHORT,0.8,0.6538461538461539,0.5,0.6639344262295082
Others,"""CN FLOATS",0,0,0.0,0.0
SAILING,ADVANCED DINGHY EQUIPMENT,1.0,1.0,0.6875,0.8809523809523809
SWIMMING,INTERMEDIATE EQUIPEMENT,1.0,0.0,0,0.5
Others,"""CN CHINESE POLE FISHING RODS",0,0.0,0,0.0
Others,"""TELESCOPIC POLE FISHING RODS",0,0.0,0,0.0
HIKING/TREKKING,HIKING PRESCRIPTION SUNGLASSES,0.043478260869565216,0.09523809523809523,0.1,0.078125
GOLF,BEGINNER GOLF CLUBS,1.0,0.5,0.0,0.5714285714285714
Others,HORSE RIDING SOCKS JUNIOR,0,0.6666666666666666,0,0.6666666666666666
HIKING/TREKKING,SNOWSHOES & SNOW HIKING POLES,1.0,1.0,0,1.0
GOLF,BEGINNER GOLF BAGS,1.0,1.0,0.5,0.8571428571428571
DIVING,SCD BAGS,0.5,0.0,0.0,0.16666666666666666
SURFING,INTERMEDIATE SURFBOARD,1.0,1.0,1.0,1.0
SURFING,ADVANCED SURFBOARD,1.0,0.4,0.0,0.36363636363636365
Others,SINKERS,0,1.0,0,1.0
SURFING,WOMEN INTERMEDIATE SURF SWIMSUITS,0.9312977099236641,0.9322033898305084,0.7666666666666667,0.904891304347826
BADMINTON,KIDS BADMINTON APPAREL,0.5172413793103449,0.6129032258064516,0.36666666666666664,0.5
CYCLING,HYBRID TREKKING BIKE,0,0.8125,1.0,0.8333333333333334
SKI,MEN'S JACKETS OR PANTS ADVANCED SKIERS,1.0,1.0,0,1.0
CYCLING,URBAN TRADITIONAL BIKES,1.0,0.8,1.0,0.8888888888888888
HIKING/TREKKING,TOURING CAMP FURNITURE,0.3333333333333333,0.2857142857142857,0.0,0.2222222222222222
KAYAK/SUP,TOURING INFLATABLE KAYAKS,1.0,0.5555555555555556,0.5,0.6363636363636364
KAYAK/SUP,KAYAK PADDLES,1.0,0.25,0.5,0.5833333333333334
KAYAK/SUP,DISCOVERY INFLATABLE BOATS,1.0,1.0,0,1.0
DIVING,SCD FULL FOOT FINS INT,0.9166666666666666,0.8333333333333334,0.5,0.8055555555555556
GOLF,INTERMEDIATE GOLF CLUBS,0,1.0,0,1.0
CYCLING,BEGINNER SPORT TRAIL MTB BIKES MEN,0,1.0,0.8,0.9090909090909091
Others,BILLIARD SPORTS,0,0.6,0,0.6
Others,ELECTRONICS CABLE BIKING,0,0,0.0,0.0
GOLF,INTERMEDIATE & ADVANCED GOLF BAGS,1.0,1.0,0,1.0
CYCLING,AD CROSS COUNTRY MTB BIKE,0,0.8333333333333334,0,0.8333333333333334
FOOTBALL,FUTSAL BALLS,0.6666666666666666,0.0,0.0,0.2857142857142857
Others,RACE WALKING SHOES,1.0,1.0,0,1.0
Others,MEN NORDIC WALKING SHOES,0,1.0,0,1.0
Others,WOMEN NORDIC WALKING SHOES,0,1.0,0,1.0
Others,FITNESS DANCE WOMEN APPAREL,1.0,1.0,0,1.0
RUGBY,PADS RUGBY JUNIOR,0.3888888888888889,0.2777777777777778,0.125,0.2692307692307692
RUGBY,BOOTS RUGBY WET PITCH MEN,1.0,1.0,0,1.0
CYCLING,BIKE BASKETS,0,0.5,0,0.5
JOG/RUN,REGULAR MEN JOGGING RAIN PROTECT TX,0.8214285714285714,0.6470588235294118,0,0.7555555555555555
SKI,MEN'S SKI BOOTS BEGINNER SKIERS,1.0,0.6666666666666666,0,0.8333333333333334
SKI,MEN'S SKI BOOTS INTERMED. SKIERS,1.0,0.8888888888888888,0,0.9375
CYCLING,MEN COLD WEATHER INTERMED ST MTB APPAREL,0,1.0,0,1.0
CYCLING,WOMAN MID SEASON CYCLING GARMENT,0,1.0,0,1.0
SKI,CHILDREN ON PISTE SKIING EQUIPMENT,0,0.5,0,0.5
Others,components created in TRACE,0,0.0,0,0.0
SKI,MEN ADVANCED SNOWBOARD EQUIPMENT,1.0,0.9354838709677419,0,0.95
SKI,GIRL ADVANCED ON PIST SKIING CLOTHS,1.0,1.0,0,1.0
SKI,WOMEN INTERMEDIATE SNOWBOARD EQUIPMENT,1.0,0.9333333333333333,0,0.9574468085106383
CYCLING,MID SEASON ROADR GLOVES,1.0,1.0,0,1.0
SKI,WOMEN'S SKIS OR POLES INTERMED. SKIERS,0,1.0,0,1.0
CYCLING,OVERSHOES COLD WEA,0,1.0,0,1.0
SKI,SNOWBOARD GLOVES,1.0,0.88,1.0,0.9354838709677419
SKI,WOMEN'S SKIS OR POLES ADVANCED SKIERS,0,1.0,0,1.0
FOOTBALL,WOMEN FOOT TEXTILE,1.0,1.0,0.0,0.9487179487179487
Others,BRAIDS,0,1.0,0,1.0
CYCLING,W COLD WEATHER ROAD CYCLING BASELAYER,0,1.0,0,1.0
FOOTBALL,SPAIN NATIONAL TEAM,1.0,1.0,0,1.0
FOOTBALL,FRANCE NATIONAL TEAM,1.0,1.0,0,1.0
CYCLING,BEGINNER SPORT TRAIL MTB SHOES MEN,0,1.0,0,1.0
TENNIS,MEN CLAY COURT SHOES,0.2,0.6,0,0.4
SKATE/ROLLER,JR FIGURE SKATING CLOTHES,0,1.0,0,1.0
Others,"""SW SPOONS",0,0.0,0,0.0
FOOTBALL,GERMANY NATIONAL TEAM,1.0,1.0,0,1.0
FOOTBALL,BRAZIL EQUIP NAT,1.0,1.0,0,1.0
FOOTBALL,ARGENTINE NATIONAL TEAM,1.0,1.0,0,1.0
CYCLING,MIXTE TERRAIN MTB TYRES,0,0,0.0,0.0
HIKING/TREKKING,DESERT TREKKING OUTFIT,0.9230769230769231,1.0,0.5641025641025641,0.8064516129032258
HIKING/TREKKING,WOMEN TREKKING JACKET,1.0,1.0,0,1.0
VOLLEYBALL,VOLLEY BALL SHOES,0,0,0.8421052631578947,0.8421052631578947
CYCLING,MEN WARM WEATHER ALL MOUNT. MTB APPAREL,0,0.2222222222222222,0,0.2222222222222222
CYCLING,KIDS ROAD BIKES 6-12 YEARS,0,0.0,0.0,0.0
Others,FIELD HOCKEY,0,1.0,0,1.0
Others,SKITTLES,1.0,0.0,0,0.5
KAYAK/SUP,RACE INFLATABLE SUP,0,1.0,0.0,0.5
CYCLING,ADULT WARM WEATHER ALL MOUNT. MTB GLOVES,1.0,1.0,0.25,0.5714285714285714
SKI,WOMEN'S SKI BOOTS ADVANCED SKIERS,0,1.0,0,1.0
DIVING,SCD ADJUSTABLE FINS INT,1.0,0.0,0.3333333333333333,0.4444444444444444
TABLE_TENNIS,TT SHOES INTERMEDIATE,0,0.4642857142857143,0.6428571428571429,0.5714285714285714
FITNESS,FITNESS CARDIO ROWER,1.0,1.0,1.0,1.0
GOLF,JUNIOR GOLF CLOTHING & SHOES,1.0,0.8461538461538461,0,0.875
PILATES,TRAMPOLINE,1.0,0,0,1.0
CROSSTRAIN,CROSS-TRAINING BARS AND PLATES,0,0,0.0,0.0
SAILING,CRUISING WARM WEATHER WOMAN CLOTHES,1.0,0.9130434782608695,0.4090909090909091,0.6266666666666667
DIVING,SCD SUITS >25бу INT,0,0.3,0.0,0.2727272727272727
DIVING,SCD MASKS & SNORKELS BEG,1.0,0.6666666666666666,0.0,0.42857142857142855
SAILING,REGATTA RAINY WEATHER WOMAN CLOTHES,0,0.0,0.16666666666666666,0.08333333333333333
Others,HOT WEATHER MAN GARMENT,0,1.0,0,1.0
CYCLING,M WARM WEATHER CROSS COUNTRY MTB APPAREL,1.0,1.0,0,1.0
CYCLING,ADULT CROSS COUNTRY MTB HELMETS,1.0,1.0,0.3333333333333333,0.8333333333333334
CYCLING,ROAD CYCLING SHOES,0,1.0,0.2857142857142857,0.6875
SURFING,SURFBOARDS BEGINNER,1.0,0.0,0.0,0.16666666666666666
HIKING/TREKKING,MEN TREKKING JACKET,1.0,1.0,0,1.0
SKI,FREERIDE SKIING POLES,1.0,0,0,1.0
CLIMBING,CLIMBING JR CLOTHING,0,1.0,0,1.0
CLIMBING,BOULDERING CRASH PAD,0,0.0,0,0.0
TRIATHLON,"""BARS",0.0,0.0,0.0,0.0
Others,COMPETITION PETANQUE BALLS,0,0.0,0,0.0
Others,GIRL DANCE APPAREL,0,1.0,0,1.0
SURFING,SURF TRANSPORT AND STORAGE,0,1.0,0,1.0
SAILING,BUOYANCY AID & HARNESS,0,0,1.0,1.0
Others,FRAME ROAD,1.0,0,0,1.0
TABLE_TENNIS,TT RACKETS COVERS INTERMEDIATE,0,0,0.0,0.0
CYCLING,CROSS COUNTRY MTB WATER BAGS,0,1.0,0.0,0.5
CYCLING,MEN INTERM ADVANC SPORT TRAIL MTB SHOES,1.0,0.9166666666666666,1.0,0.9411764705882353
Others,SPARE PARTS STEPPER,0,1.0,0,1.0
CYCLING,W MTB BIKE,0,0,0.3333333333333333,0.3333333333333333
BASKETBALL,WOMAN BASKETBALL FOOTWEAR,0.6666666666666666,0.5,0.5,0.5263157894736842
CYCLING,CITY JUNIOR WET WEATHER CYCLING APPAREL,1.0,1.0,0,1.0
Others,READY TO PRINT OFFICIAL PRINTING,0.5,0.0,0.5,0.2
FOOTBALL,GIRL FOOT TEXTILE,0,0,0.0,0.0
HIKING/TREKKING,FLEECE PADDED & SOFTHELL JKT GIRL 2-6 Y,0,0.4166666666666667,0,0.4166666666666667
KAYAK/SUP,DRAGON BOAT,0.0,0.0,0.0,0.0
Others,FRESHWATER FISHING BAITS,0,0,1.0,1.0
